{
    "metadata":{
        "type":"BufferGeometry",
        "generator":"io_three",
        "version":3,
        "position":174,
        "uv":174,
        "normal":174
    },
    "data":{
        "index":{
            "itemSize":1,
            "type":"Uint16Array",
            "array":[0,1,2,3,4,5,6,7,8,9,10,11,12,13,14,15,16,17,10,18,11,19,20,18,21,22,20,22,23,24,24,25,26,26,27,28,28,29,30,29,31,30,8,32,33,34,35,36,37,38,35,39,40,38,41,42,40,43,44,42,45,46,47,48,49,46,3,50,51,51,52,53,53,54,55,54,56,55,57,58,56,59,60,58,61,62,60,62,63,64,65,66,1,67,68,69,69,70,71,71,72,73,73,74,75,75,76,77,78,79,80,80,81,82,83,84,85,10,86,87,10,88,19,19,89,21,21,90,91,91,92,23,23,93,25,27,93,94,29,94,95,29,96,97,12,98,99,100,101,102,103,100,102,104,105,103,106,104,107,108,107,109,110,109,111,112,111,113,114,113,115,116,114,115,117,118,119,120,121,118,122,123,121,123,124,125,125,126,127,127,128,129,130,131,132,133,134,131,135,136,134,136,137,138,138,139,140,140,141,142,143,144,145,144,146,147,146,148,147,149,150,148,150,151,152,151,153,152,0,65,1,3,154,4,6,155,7,9,156,10,12,157,13,15,158,16,10,19,18,19,21,20,21,91,22,22,91,23,24,23,25,26,25,27,28,27,29,29,97,31,8,7,32,34,37,35,37,39,38,39,41,40,41,43,42,43,159,44,45,48,46,48,160,49,3,5,50,51,50,52,53,52,54,54,57,56,57,59,58,59,61,60,61,161,62,62,161,63,65,162,66,67,163,68,69,68,70,71,70,72,73,72,74,75,74,76,78,164,79,80,79,81,83,17,84,10,156,86,10,87,88,19,88,89,21,89,90,91,90,92,23,92,93,27,25,93,29,27,94,29,95,96,12,165,98,100,166,101,103,105,100,104,167,105,106,167,104,108,106,107,110,108,109,112,110,111,114,112,113,116,168,114,117,120,118,120,122,121,122,169,123,123,169,124,125,124,126,127,126,128,130,133,131,133,135,134,135,170,136,136,170,137,138,137,139,140,139,141,143,171,144,144,171,146,146,149,148,149,172,150,150,172,151,151,173,153]
        },
        "attributes":{
            "position":{
                "itemSize":3,
                "type":"Float32Array",
                "array":[-0.45667,6.22752,-35.7255,-12.6236,6.24578,-56.7414,-0.471564,6.22752,-56.753,-12.6891,6.38815,-56.8906,-0.471564,6.22752,-56.753,-12.6236,6.24578,-56.7414,-0.45667,6.44505,-35.7255,-12.6233,6.4633,-56.7414,-12.8014,6.46345,-35.7184,-0.45667,6.22752,-35.7255,-12.8697,6.38829,-35.573,-12.8017,6.24592,-35.7184,-0.349114,2.24207,-35.5808,-0.468946,2.38772,-56.751,-0.454048,2.38444,-35.7261,-0.45667,6.22752,-35.7255,-0.366875,6.36964,-56.8985,-0.351769,6.36964,-35.5763,-14.4993,6.18642,-35.7161,-14.5951,6.32789,-35.5707,-14.9107,5.72909,-35.7158,-15.0904,5.83002,-35.5703,-15.2875,4.88141,-35.7156,-15.5181,3.81531,-35.57,-15.2996,3.81999,-35.7156,-15.2997,2.86729,-35.5702,-15.0872,2.91284,-35.7157,-14.9814,2.31431,-35.5704,-14.7856,2.39874,-35.7159,-13.1155,2.24207,-35.5717,-13.0397,2.38437,-35.7172,-0.454048,2.38444,-35.7261,-14.5214,6.40054,-56.7412,-14.5067,6.40382,-35.7162,-14.5214,6.40054,-56.7412,-15.0653,5.8821,-35.7158,-14.5067,6.40382,-35.7162,-15.0779,5.87979,-56.7408,-15.4857,4.97119,-35.7155,-15.4976,4.96984,-56.7405,-15.5171,3.82425,-35.7155,-15.5287,3.82419,-56.7405,-15.2992,2.86398,-35.7156,-15.3109,2.86472,-56.7406,-14.9741,2.29014,-35.7159,-14.9861,2.29177,-56.7408,-13.0478,2.16699,-35.7172,-14.9741,2.29014,-35.7159,-13.0626,2.17027,-56.7422,-0.45405,2.16691,-35.7262,-14.5141,6.18314,-56.7411,-14.6101,6.32457,-56.8903,-14.9233,5.72679,-56.7408,-15.1031,5.82768,-56.89,-15.2994,4.88005,-56.7405,-15.5076,4.93557,-56.8897,-15.5298,3.81525,-56.8897,-15.3112,3.81993,-56.7405,-15.3116,2.86803,-56.8898,-15.0989,2.91358,-56.7407,-14.9937,2.31597,-56.8901,-14.7976,2.40038,-56.7409,-13.1304,2.24539,-56.8914,-0.468946,2.38772,-56.751,-0.364218,2.24539,-56.9004,-12.8017,6.24592,-35.7184,-14.5141,6.18314,-56.7411,-14.5141,6.18314,-56.7411,-14.9107,5.72909,-35.7158,-14.9233,5.72679,-56.7408,-15.2875,4.88141,-35.7156,-15.2994,4.88005,-56.7405,-15.2996,3.81999,-35.7156,-15.3112,3.81993,-56.7405,-15.0872,2.91284,-35.7157,-15.0989,2.91358,-56.7407,-14.7856,2.39874,-35.7159,-14.7976,2.40038,-56.7409,-14.7976,2.40038,-56.7409,-13.0397,2.38437,-35.7172,-13.0545,2.38764,-56.7421,-0.454048,2.38444,-35.7261,-0.468946,2.38772,-56.751,-0.45667,6.44505,-35.7255,-0.366875,6.36964,-56.8985,-0.471564,6.44505,-56.753,-0.45667,6.44505,-35.7255,-12.8014,6.46345,-35.7184,-14.5067,6.40382,-35.7162,-15.0653,5.8821,-35.7158,-15.4857,4.97119,-35.7155,-15.4955,4.93694,-35.5701,-15.5171,3.82425,-35.7155,-15.2992,2.86398,-35.7156,-14.9741,2.29014,-35.7159,-13.0478,2.16699,-35.7172,-0.45405,2.16691,-35.7262,-0.349114,2.24207,-35.5808,-0.468942,2.17019,-56.7511,-0.364218,2.24539,-56.9004,-13.1304,2.24539,-56.8914,-0.468942,2.17019,-56.7511,-13.0626,2.17027,-56.7422,-14.9861,2.29177,-56.7408,-15.3109,2.86472,-56.7406,-14.9937,2.31597,-56.8901,-15.5298,3.81525,-56.8897,-15.5287,3.82419,-56.7405,-15.5076,4.93557,-56.8897,-15.4976,4.96984,-56.7405,-15.1031,5.82768,-56.89,-15.0779,5.87979,-56.7408,-14.6101,6.32457,-56.8903,-14.5214,6.40054,-56.7412,-12.6891,6.38815,-56.8906,-12.6233,6.4633,-56.7414,-0.471564,6.44505,-56.753,-14.8425,2.29679,-56.2986,-0.878334,2.95864,-56.3085,-0.76895,2.29679,-56.3086,-15.2275,2.95864,-56.2983,-0.974849,3.62049,-56.3084,-15.3899,3.62049,-56.2982,-1.01346,4.28234,-56.3084,-15.3899,4.9442,-56.2982,-1.00702,4.9442,-56.3084,-15.1102,5.60605,-56.2984,-0.94911,5.60605,-56.3084,-14.5779,6.2679,-56.2988,-0.801122,6.2679,-56.3086,-14.5636,6.2679,-36.1132,-0.934813,5.60605,-36.1228,-0.786822,6.2679,-36.1229,-15.0959,5.60605,-36.1128,-0.99272,4.9442,-36.1228,-15.3756,4.9442,-36.1126,-0.999156,4.28234,-36.1228,-15.3756,3.62049,-36.1126,-0.960549,3.62049,-36.1228,-15.2132,2.95864,-36.1127,-0.864034,2.95864,-36.1229,-14.8282,2.29679,-36.113,-0.754652,2.29679,-36.123,-0.76895,2.29679,-56.3086,-0.864034,2.95864,-36.1229,-0.754652,2.29679,-36.123,-0.974849,3.62049,-56.3084,-0.960549,3.62049,-36.1228,-0.999156,4.28234,-36.1228,-1.01346,4.28234,-56.3084,-0.99272,4.9442,-36.1228,-0.94911,5.60605,-56.3084,-0.934813,5.60605,-36.1228,-0.786822,6.2679,-36.1229,-0.366875,6.36964,-56.8985,-0.471564,6.44505,-56.753,-0.351769,6.36964,-35.5763,-0.364218,2.24539,-56.9004,-0.471564,6.22752,-56.753,-14.9861,2.29177,-56.7408,-0.468942,2.17019,-56.7511,-13.0545,2.38764,-56.7421,-14.4993,6.18642,-35.7161,-14.4993,6.18642,-35.7161,-14.7856,2.39874,-35.7159,-0.45405,2.16691,-35.7262,-0.364218,2.24539,-56.9004,-15.3116,2.86803,-56.8898,-0.366875,6.36964,-56.8985,-15.426,4.28234,-56.2982,-15.4117,4.28234,-36.1126,-0.878334,2.95864,-56.3085,-1.00702,4.9442,-56.3084,-0.801122,6.2679,-56.3086]
            },
            "uv":{
                "itemSize":2,
                "type":"Float32Array",